Product,Price,Ratings,Reviews,Warrentry,Features
APPLE MacBook Air M1 - (8 GB/256 GB SSD/Mac OS Big Sur) MGN63HN/A,"₹92,900",616, 89,1 Year Limited Warra­nty,"Apple M1 Processor,8 GB DDR4 RAM,Mac OS Operating System,256 GB SSD,33.78 cm (13.3 inch) Display"
APPLE MacBook Air M1 - (8 GB/256 GB SSD/Mac OS Big Sur) MGND3HN/A,"₹92,900",616, 89,1 Year Limited Warra­nty,"Apple M1 Processor,8 GB DDR4 RAM,Mac OS Operating System,256 GB SSD,33.78 cm (13.3 inch) Display"
APPLE MacBook Air M1 - (8 GB/512 GB SSD/Mac OS Big Sur) MGN73HN/A,"₹1,14,990",186, 22,1 Year Limited Warra­nty,"Apple M1 Processor,8 GB DDR4 RAM,Mac OS Operating System,512 GB SSD,33.78 cm (13.3 inch) Display"
APPLE MacBook Air M1 - (8 GB/512 GB SSD/Mac OS Big Sur) MGNE3HN/A,"₹1,14,990",186, 22,1 Year Limited Warra­nty,"Apple M1 Processor,8 GB DDR4 RAM,Mac OS Operating System,512 GB SSD,33.78 cm (13.3 inch) Display"
APPLE MacBook Air Core i5 10th Gen - (8 GB/512 GB SSD/Mac OS Catalina) MVH52HN/A,"₹99,990",420, 23,1 Year Limited Warranty,"Intel Core i5 Processor (10th Gen),8 GB LPDDR4X RAM,Mac OS Operating System,512 GB SSD,33.78 cm (13.3 inch) Display"
APPLE MacBook Air Core i5 10th Gen - (8 GB/256 GB SSD/Mac OS Catalina) Z0YJ001KD,"₹92,990",420, 23,1 Year Limited Warranty,"Intel Core i5 Processor (10th Gen),8 GB LPDDR4X RAM,Mac OS Operating System,256 GB SSD,33.78 cm (13.3 inch) Display"
APPLE MacBook Air Core i5 10th Gen - (8 GB/512 GB SSD/Mac OS Catalina) MVH22HN/A,"₹1,09,990",420, 23,1 Year Limited Warranty,"Intel Core i5 Processor (10th Gen),8 GB LPDDR4X RAM,Mac OS Operating System,512 GB SSD,33.78 cm (13.3 inch) Display"
APPLE MacBook Air M1 - (8 GB/512 GB SSD/Mac OS Big Sur) MGNA3HN/A,"₹1,14,990",186, 22,1 Year Limited Warra­nty,"Apple M1 Processor,8 GB DDR4 RAM,Mac OS Operating System,512 GB SSD,33.78 cm (13.3 inch) Display"
APPLE MacBook Pro M1 - (8 GB/256 GB SSD/Mac OS Big Sur) MYD82HN/A,"₹1,18,990",161, 19,1 Year Limited Warra­nty,"Apple M1 Processor,8 GB DDR4 RAM,Mac OS Operating System,256 GB SSD,33.78 cm (13.3 inch) Display"
APPLE MacBook Pro M1 - (8 GB/512 GB SSD/Mac OS Big Sur) MYD92HN/A,"₹1,39,990",93, 10,1 Year Limited Warra­nty,"Apple M1 Processor,8 GB DDR4 RAM,Mac OS Operating System,512 GB SSD,33.78 cm (13.3 inch) Display"
APPLE MacBook Pro Core i7 9th Gen - (16 GB/512 GB SSD/Mac OS Catalina/4 GB Graphics) MVVJ2HN/A,"₹1,84,990",324, 44,1 Year Onsite Warranty,"Intel Core i7 Processor (9th Gen),16 GB DDR4 RAM,Mac OS Operating System,512 GB SSD,40.64 cm (16 inch) Display"
APPLE MacBook Pro M1 - (8 GB/256 GB SSD/Mac OS Big Sur) MYDA2HN/A,"₹1,16,990",161, 19,1 Year Limited Warra­nty,"Apple M1 Processor,8 GB DDR4 RAM,Mac OS Operating System,256 GB SSD,33.78 cm (13.3 inch) Display"
APPLE MacBook Pro Core i9 9th Gen - (16 GB/1 TB SSD/Mac OS Catalina/4 GB Graphics) MVVK2HN/A,"₹2,24,990",145, 14,1 Year Onsite Warranty,"Intel Core i9 Processor (9th Gen),16 GB DDR4 RAM,Mac OS Operating System,1 TB SSD,40.64 cm (16 inch) Display"
APPLE MacBook Pro Core i7 9th Gen - (16 GB/512 GB SSD/Mac OS Catalina/4 GB Graphics) MVVL2HN/A,"₹1,99,900",41, 5,1 Year Onsite Warranty,"Intel Core i7 Processor (9th Gen),16 GB DDR4 RAM,Mac OS Operating System,512 GB SSD,40.64 cm (16 inch) Display"
APPLE MacBook Pro Core i9 9th Gen - (16 GB/1 TB SSD/Mac OS Catalina/4 GB Graphics) MVVM2HN/A,"₹2,24,990",39, 3,1 Year Onsite Warranty,"Intel Core i9 Processor (9th Gen),16 GB DDR4 RAM,Mac OS Operating System,1 TB SSD,40.64 cm (16 inch) Display"
APPLE MacBook Pro M1 - (8 GB/512 GB SSD/Mac OS Big Sur) MYDC2HN/A,"₹1,39,990",93, 10,1 Year Limited Warra­nty,"Apple M1 Processor,8 GB DDR4 RAM,Mac OS Operating System,512 GB SSD,33.78 cm (13.3 inch) Display"
APPLE MacBook Pro Core i5 8th Gen - (8 GB/512 GB SSD/Mac OS Mojave) MV972HN/A,"₹1,69,990",108, 13,1 Year Onsite Warranty,"Intel Core i5 Processor (8th Gen),8 GB DDR3 RAM,Mac OS Operating System,512 GB SSD,33.78 cm (13.3 inch) Display"
APPLE MacBook Pro Core i5 8th Gen - (8 GB/512 GB SSD/Mac OS Mojave) MV9A2HN/A,"₹1,13,990",108, 13,1 Year Onsite Warranty,"Intel Core i5 Processor (8th Gen),8 GB DDR3 RAM,Mac OS Operating System,512 GB SSD,33.78 cm (13.3 inch) Display"
APPLE MacBook Pro with Touch Bar Core i5 8th Gen - (8 GB/256 GB SSD/Mac OS Catalina) MXK32HN/A,"₹98,990",256, 35,1 Year Limited Hardware Warranty,"Intel Core i5 Processor (8th Gen),8 GB LPDDR3 RAM,Mac OS Operating System,256 GB SSD,33.02 cm (13 inch) Display"
APPLE MacBook Pro with Touch Bar Core i5 10th Gen - (16 GB/512 GB SSD/Mac OS Catalina) MWP42HN/A,"₹1,69,990",192, 23,1 Year Limited Hardware Warranty,"Intel Core i5 Processor (10th Gen),16 GB LPDDR4X RAM,Mac OS Operating System,512 GB SSD,33.02 cm (13 inch) Display"
APPLE MacBook Pro with Touch Bar Core i5 10th Gen - (16 GB/512 GB SSD/Mac OS Catalina) MWP72HN/A,"₹1,69,990",31, 5,1 Year Limited Hardware Warranty,"Intel Core i5 Processor (10th Gen),16 GB LPDDR4X RAM,Mac OS Operating System,512 GB SSD,33.02 cm (13 inch) Display"
APPLE MacBook Pro with Touch Bar Core i5 10th Gen - (16 GB/1 TB SSD/Mac OS Catalina) MWP82HN/A,"₹1,74,900",32, 2,1 Year Limited Hardware Warranty,"Intel Core i5 Processor (10th Gen),16 GB LPDDR4X RAM,Mac OS Operating System,1 TB SSD,33.02 cm (13 inch) Display"
APPLE MacBook Pro with Touch Bar Core i5 8th Gen - (8 GB/512 GB SSD/Mac OS Catalina) MXK72HN/A,"₹1,32,990",17, 1,1 Year Limited Hardware Warranty,"Intel Core i5 Processor (8th Gen),8 GB LPDDR3 RAM,Mac OS Operating System,512 GB SSD,33.02 cm (13 inch) Display"
APPLE MacBook Pro with Touch Bar Core i5 10th Gen - (16 GB/1 TB SSD/Mac OS Catalina) MWP52HN/A,"₹1,74,900",98, 5,1 Year Limited Hardware Warranty,"Intel Core i5 Processor (10th Gen),16 GB LPDDR4X RAM,Mac OS Operating System,1 TB SSD,33.02 cm (13 inch) Display"
